Date,Open,High,Low,Close,Adj Close,Volume,target
2020-01-02,74.05999755859375,75.1500015258789,73.79750061035156,75.0875015258789,73.05943298339844,135480400,74.35749816894531
2020-01-03,74.2874984741211,75.1449966430664,74.125,74.35749816894531,72.34912872314453,146322800,74.94999694824219
2020-01-06,73.44750213623047,74.98999786376953,73.1875,74.94999694824219,72.92565155029297,118387200,74.59750366210938
2020-01-07,74.95999908447266,75.2249984741211,74.37000274658203,74.59750366210938,72.58264923095703,108872000,75.79750061035156
2020-01-08,74.29000091552734,76.11000061035156,74.29000091552734,75.79750061035156,73.750244140625,132079200,77.40750122070312
2020-01-09,76.80999755859375,77.60749816894531,76.55000305175781,77.40750122070312,75.31676483154297,170108400,77.5824966430664
2020-01-10,77.6500015258789,78.1675033569336,77.0625,77.5824966430664,75.48703002929688,140644800,79.23999786376953
2020-01-13,77.91000366210938,79.26750183105469,77.7874984741211,79.23999786376953,77.09976959228516,121532000,78.16999816894531
2020-01-14,79.17500305175781,79.39250183105469,78.0425033569336,78.16999816894531,76.05867004394531,161954400,77.83499908447266
2020-01-15,77.9625015258789,78.875,77.38749694824219,77.83499908447266,75.73271179199219,121923600,78.80999755859375
2020-01-16,78.39749908447266,78.92500305175781,78.02249908447266,78.80999755859375,76.68138885498047,108829200,79.68250274658203
2020-01-17,79.06749725341797,79.68499755859375,78.75,79.68250274658203,77.53031921386719,137816400,79.14250183105469
2020-01-21,79.29750061035156,79.75499725341797,79.0,79.14250183105469,77.0049057006836,110843200,79.42500305175781
2020-01-22,79.6449966430664,79.99749755859375,79.32749938964844,79.42500305175781,77.27976989746094,101832400,79.80750274658203
2020-01-23,79.4800033569336,79.88999938964844,78.9124984741211,79.80750274658203,77.65193939208984,104472000,79.57749938964844
2020-01-24,80.0625,80.8324966430664,79.37999725341797,79.57749938964844,77.42815399169922,146537600,77.23750305175781
2020-01-27,77.51499938964844,77.94249725341797,76.22000122070312,77.23750305175781,75.15135955810547,161940000,79.42250061035156
2020-01-28,78.1500015258789,79.5999984741211,78.04750061035156,79.42250061035156,77.27735137939453,162234000,81.08499908447266
2020-01-29,81.11250305175781,81.9625015258789,80.34500122070312,81.08499908447266,78.89494323730469,216229200,80.96749877929688
2020-01-30,80.13500213623047,81.02249908447266,79.6875,80.96749877929688,78.78060913085938,126743200,77.37750244140625
2020-01-31,80.23249816894531,80.66999816894531,77.07250213623047,77.37750244140625,75.2875747680664,199588400,77.16500091552734
2020-02-03,76.07499694824219,78.37249755859375,75.55500030517578,77.16500091552734,75.08080291748047,173788400,79.7125015258789
2020-02-04,78.82749938964844,79.91000366210938,78.40750122070312,79.7125015258789,77.55951690673828,136616400,80.36250305175781
2020-02-05,80.87999725341797,81.19000244140625,79.73750305175781,80.36250305175781,78.19197082519531,118826800,81.30249786376953
2020-02-06,80.64250183105469,81.30500030517578,80.06500244140625,81.30249786376953,79.10655975341797,105425600,80.00749969482422
2020-02-07,80.59249877929688,80.8499984741211,79.5,80.00749969482422,78.03129577636719,117684000,80.38749694824219
2020-02-10,78.54499816894531,80.38749694824219,78.4625015258789,80.38749694824219,78.40188598632812,109348800,79.90249633789062
2020-02-11,80.9000015258789,80.9749984741211,79.67749786376953,79.90249633789062,77.92887878417969,94323200,81.80000305175781
2020-02-12,80.36750030517578,81.80500030517578,80.36750030517578,81.80000305175781,79.77952575683594,113730400,81.21749877929688
2020-02-13,81.04750061035156,81.55500030517578,80.8375015258789,81.21749877929688,79.21141815185547,94747600,81.23750305175781
2020-02-14,81.18499755859375,81.49500274658203,80.7125015258789,81.23750305175781,79.23090362548828,80113600,79.75
2020-02-18,78.83999633789062,79.9375,78.65249633789062,79.75,77.78013610839844,152531200,80.90499877929688
2020-02-19,80.0,81.14250183105469,80.0,80.90499877929688,78.90662384033203,93984000,80.07499694824219
2020-02-20,80.65750122070312,81.1624984741211,79.55249786376953,80.07499694824219,78.09711456298828,100566000,78.26249694824219
2020-02-21,79.65499877929688,80.11250305175781,77.625,78.26249694824219,76.32938385009766,129554000,74.54499816894531
2020-02-24,74.31500244140625,76.04499816894531,72.30750274658203,74.54499816894531,72.70372009277344,222195200,72.0199966430664
2020-02-25,75.23750305175781,75.63249969482422,71.53250122070312,72.0199966430664,70.24108123779297,230673600,73.1624984741211
2020-02-26,71.63249969482422,74.47000122070312,71.625,73.1624984741211,71.35536193847656,198054800,68.37999725341797
2020-02-27,70.2750015258789,71.5,68.23999786376953,68.37999725341797,66.69098663330078,320605600,68.33999633789062
2020-02-28,64.31500244140625,69.60250091552734,64.09249877929688,68.33999633789062,66.6519775390625,426510000,74.70249938964844
2020-03-02,70.56999969482422,75.36000061035156,69.43000030517578,74.70249938964844,72.85731506347656,341397200,72.33000183105469
2020-03-03,75.9175033569336,76.0,71.44999694824219,72.33000183105469,70.54341888427734,319475600,75.68499755859375
2020-03-04,74.11000061035156,75.8499984741211,73.28250122070312,75.68499755859375,73.8155517578125,219178400,73.2300033569336
2020-03-05,73.87999725341797,74.88749694824219,72.85250091552734,73.2300033569336,71.42118835449219,187572800,72.25749969482422
2020-03-06,70.5,72.70500183105469,70.30750274658203,72.25749969482422,70.47270202636719,226176800,66.5425033569336
2020-03-09,65.9375,69.52249908447266,65.75,66.5425033569336,64.89888000488281,286744800,71.33499908447266
2020-03-10,69.28500366210938,71.61000061035156,67.34249877929688,71.33499908447266,69.572998046875,285290000,68.85749816894531
2020-03-11,69.34750366210938,70.30500030517578,67.96499633789062,68.85749816894531,67.15670776367188,255598800,62.057498931884766
2020-03-12,63.98500061035156,67.5,62.0,62.057498931884766,60.524654388427734,418474000,69.49250030517578
2020-03-13,66.22250366210938,69.9800033569336,63.23749923706055,69.49250030517578,67.77600860595703,370732000,60.5525016784668
2020-03-16,60.48749923706055,64.7699966430664,60.0,60.5525016784668,59.05684280395508,322423600,63.21500015258789
2020-03-17,61.877498626708984,64.40249633789062,59.599998474121094,63.21500015258789,61.65357208251953,324056000,61.66749954223633
2020-03-18,59.942501068115234,62.5,59.279998779296875,61.66749954223633,60.14429473876953,300233600,61.19499969482422
2020-03-19,61.84749984741211,63.209999084472656,60.65250015258789,61.19499969482422,59.683467864990234,271857200,57.310001373291016
2020-03-20,61.79499816894531,62.95750045776367,57.0,57.310001373291016,55.89442443847656,401693200,56.092498779296875
2020-03-23,57.02000045776367,57.125,53.15250015258789,56.092498779296875,54.70699691772461,336752800,61.720001220703125
2020-03-24,59.09000015258789,61.92250061035156,58.57500076293945,61.720001220703125,60.19549560546875,287531200,61.380001068115234
2020-03-25,62.6875,64.5625,61.07500076293945,61.380001068115234,59.863887786865234,303602000,64.61000061035156
2020-03-26,61.630001068115234,64.66999816894531,61.59000015258789,64.61000061035156,63.01411437988281,252087200,61.935001373291016
2020-03-27,63.1875,63.967498779296875,61.76250076293945,61.935001373291016,60.405181884765625,204216800,63.70249938964844
2020-03-30,62.685001373291016,63.880001068115234,62.349998474121094,63.70249938964844,62.12902069091797,167976400,63.5724983215332
2020-03-31,63.900001525878906,65.62249755859375,63.0,63.5724983215332,62.00223159790039,197002000,60.227500915527344
2020-04-01,61.625,62.18000030517578,59.782501220703125,60.227500915527344,58.7398681640625,176218400,61.23249816894531
2020-04-02,60.084999084472656,61.287498474121094,59.224998474121094,61.23249816894531,59.72003173828125,165934000,60.352500915527344
2020-04-03,60.70000076293945,61.42499923706055,59.74250030517578,60.352500915527344,58.86177062988281,129880000,65.61750030517578
2020-04-06,62.724998474121094,65.77749633789062,62.345001220703125,65.61750030517578,63.99671936035156,201820400,64.85749816894531
2020-04-07,67.69999694824219,67.92500305175781,64.75,64.85749816894531,63.2555046081543,202887200,66.51750183105469
2020-04-08,65.68499755859375,66.84249877929688,65.30750274658203,66.51750183105469,64.87451171875,168895200,66.99749755859375
2020-04-09,67.17500305175781,67.51750183105469,66.17500305175781,66.99749755859375,65.34263610839844,161834800,68.3125
2020-04-13,67.07749938964844,68.42500305175781,66.4574966430664,68.3125,66.6251449584961,131022800,71.76249694824219
2020-04-14,70.0,72.0625,69.51249694824219,71.76249694824219,69.98994445800781,194994800,71.10749816894531
2020-04-15,70.5999984741211,71.5824966430664,70.15750122070312,71.10749816894531,69.35111236572266,131154400,71.67250061035156
2020-04-16,71.84500122070312,72.05000305175781,70.5875015258789,71.67250061035156,69.90216827392578,157125200,70.69999694824219
2020-04-17,71.17250061035156,71.73750305175781,69.21499633789062,70.69999694824219,68.95367431640625,215250000,69.23249816894531
2020-04-20,69.48750305175781,70.41999816894531,69.2125015258789,69.23249816894531,67.52245330810547,130015200,67.09249877929688
2020-04-21,69.06999969482422,69.3125,66.35749816894531,67.09249877929688,65.43529510498047,180991600,69.0250015258789
2020-04-22,68.40249633789062,69.4749984741211,68.05000305175781,69.0250015258789,67.320068359375,116862400,68.75749969482422
2020-04-23,68.96749877929688,70.4375,68.71749877929688,68.75749969482422,67.05915832519531,124814400,70.74250030517578
2020-04-24,69.30000305175781,70.75250244140625,69.25,70.74250030517578,68.99513244628906,126161200,70.7925033569336
2020-04-27,70.44999694824219,71.13500213623047,69.98750305175781,70.7925033569336,69.04389190673828,117087600,69.6449966430664
2020-04-28,71.2699966430664,71.4574966430664,69.55000305175781,69.6449966430664,67.92475128173828,112004800,71.93250274658203
2020-04-29,71.18250274658203,72.4175033569336,70.97250366210938,71.93250274658203,70.15574645996094,137280800,73.44999694824219
2020-04-30,72.48999786376953,73.63249969482422,72.0875015258789,73.44999694824219,71.6357650756836,183064000,72.26750183105469
2020-05-01,71.5625,74.75,71.4625015258789,72.26750183105469,70.48246002197266,240616800,73.29000091552734
2020-05-04,72.2925033569336,73.42250061035156,71.58000183105469,73.29000091552734,71.47972106933594,133568000,74.38999938964844
2020-05-05,73.76499938964844,75.25,73.61499786376953,74.38999938964844,72.55253601074219,147751200,75.15750122070312
2020-05-06,75.11499786376953,75.80999755859375,74.71749877929688,75.15750122070312,73.30108642578125,142333600,75.93499755859375
2020-05-07,75.80500030517578,76.2925033569336,75.49250030517578,75.93499755859375,74.05938720703125,115215200,77.53250122070312
2020-05-08,76.41000366210938,77.5875015258789,76.07250213623047,77.53250122070312,75.8221206665039,133838400,78.75250244140625
2020-05-11,77.0250015258789,79.26249694824219,76.80999755859375,78.75250244140625,77.01520538330078,145946400,77.85250091552734
2020-05-12,79.4574966430664,79.92250061035156,77.72750091552734,77.85250091552734,76.13506317138672,162301200,76.9124984741211
2020-05-13,78.0374984741211,78.98750305175781,75.80249786376953,76.9124984741211,75.2157974243164,200622400,77.38500213623047
2020-05-14,76.12750244140625,77.44750213623047,75.38249969482422,77.38500213623047,75.67787170410156,158929200,76.92749786376953
2020-05-15,75.0875015258789,76.9749984741211,75.05249786376953,76.92749786376953,75.23045349121094,166348400,78.73999786376953
2020-05-18,78.2925033569336,79.125,77.58000183105469,78.73999786376953,77.00296783447266,135178400,78.28500366210938
2020-05-19,78.75749969482422,79.62999725341797,78.25250244140625,78.28500366210938,76.55801391601562,101729600,79.80750274658203
2020-05-20,79.16999816894531,79.87999725341797,79.12999725341797,79.80750274658203,78.04693603515625,111504800,79.2125015258789
2020-05-21,79.66500091552734,80.22250366210938,78.96749877929688,79.2125015258789,77.46505737304688,102688800,79.72250366210938
2020-05-22,78.94249725341797,79.80750274658203,78.8375015258789,79.72250366210938,77.96381378173828,81803200,79.18250274658203
2020-05-26,80.875,81.05999755859375,79.125,79.18250274658203,77.43572235107422,125522000,79.52749633789062
2020-05-27,79.03500366210938,79.67749786376953,78.27249908447266,79.52749633789062,77.77310943603516,112945200,79.5625
2020-05-28,79.19249725341797,80.86000061035156,78.90750122070312,79.5625,77.80732727050781,133560800,79.48500061035156
2020-05-29,79.8125,80.2874984741211,79.11750030517578,79.48500061035156,77.7315444946289,153532400,80.4625015258789
2020-06-01,79.4375,80.5875015258789,79.30249786376953,80.4625015258789,78.6874771118164,80791200,80.83499908447266
2020-06-02,80.1875,80.86000061035156,79.73249816894531,80.83499908447266,79.05174255371094,87642800,81.27999877929688
2020-06-03,81.16500091552734,81.55000305175781,80.57499694824219,81.27999877929688,79.48694610595703,104491200,80.58000183105469
2020-06-04,81.09750366210938,81.40499877929688,80.19499969482422,80.58000183105469,78.80237579345703,87560400,82.875
2020-06-05,80.8375015258789,82.9375,80.80750274658203,82.875,81.04676055908203,137250400,83.36499786376953
2020-06-08,82.5625,83.4000015258789,81.83000183105469,83.36499786376953,81.52593994140625,95654400,85.99749755859375
2020-06-09,83.03500366210938,86.40249633789062,83.00250244140625,85.99749755859375,84.10037231445312,147712400,88.20999908447266
2020-06-10,86.9749984741211,88.69249725341797,86.52249908447266,88.20999908447266,86.26407623291016,166651600,83.9749984741211
2020-06-11,87.32749938964844,87.76499938964844,83.87000274658203,83.9749984741211,82.12249755859375,201662400,84.69999694824219
2020-06-12,86.18000030517578,86.94999694824219,83.55500030517578,84.69999694824219,82.83150482177734,200146000,85.74749755859375
2020-06-15,83.3125,86.41999816894531,83.1449966430664,85.74749755859375,83.85588836669922,138808800,88.0199966430664
2020-06-16,87.86499786376953,88.30000305175781,86.18000030517578,88.0199966430664,86.07825469970703,165428800,87.89749908447266
2020-06-17,88.7874984741211,88.8499984741211,87.77249908447266,87.89749908447266,85.95845031738281,114406400,87.93250274658203
2020-06-18,87.85250091552734,88.36250305175781,87.30500030517578,87.93250274658203,85.99268341064453,96820400,87.43000030517578
2020-06-19,88.66000366210938,89.13999938964844,86.2874984741211,87.43000030517578,85.50127410888672,264476000,89.71749877929688
2020-06-22,87.83499908447266,89.86499786376953,87.7874984741211,89.71749877929688,87.73831176757812,135445200,91.63249969482422
2020-06-23,91.0,93.09500122070312,90.56749725341797,91.63249969482422,89.61106872558594,212155600,90.01499938964844
2020-06-24,91.25,92.19750213623047,89.62999725341797,90.01499938964844,88.02924346923828,192623200,91.20999908447266
2020-06-25,90.17500305175781,91.25,89.39250183105469,91.20999908447266,89.19789123535156,137522400,88.40750122070312
2020-06-26,91.10250091552734,91.33000183105469,88.25499725341797,88.40750122070312,86.45721435546875,205256800,90.44499969482422
2020-06-29,88.3125,90.5425033569336,87.81999969482422,90.44499969482422,88.44977569580078,130646000,91.19999694824219
2020-06-30,90.0199966430664,91.49500274658203,90.0,91.19999694824219,89.18811798095703,140223200,91.02749633789062
2020-07-01,91.27999877929688,91.83999633789062,90.97750091552734,91.02749633789062,89.0194091796875,110737200,91.02749633789062
2020-07-02,91.9625015258789,92.61750030517578,90.91000366210938,91.02749633789062,89.0194091796875,114041600,93.4625015258789
2020-07-06,92.5,93.94499969482422,92.46749877929688,93.4625015258789,91.40070343017578,118655600,93.17250061035156
2020-07-07,93.85250091552734,94.65499877929688,93.05750274658203,93.17250061035156,91.1170883178711,112424400,95.34249877929688
2020-07-08,94.18000030517578,95.375,94.08999633789062,95.34249877929688,93.23921966552734,117092000,95.75250244140625
2020-07-09,96.26249694824219,96.31749725341797,94.67250061035156,95.75250244140625,93.64019012451172,125642800,95.91999816894531
2020-07-10,95.33499908447266,95.9800033569336,94.70500183105469,95.91999816894531,93.8039779663086,90257200,95.47750091552734
2020-07-13,97.26499938964844,99.95500183105469,95.25749969482422,95.47750091552734,93.37126159667969,191649200,97.05750274658203
2020-07-14,94.83999633789062,97.25499725341797,93.87750244140625,97.05750274658203,94.91639709472656,170989200,97.7249984741211
2020-07-15,98.98999786376953,99.24749755859375,96.48999786376953,97.7249984741211,95.56916809082031,153198000,96.52249908447266
2020-07-16,96.5625,97.40499877929688,95.90499877929688,96.52249908447266,94.39319610595703,110577600,96.32749938964844
2020-07-17,96.98750305175781,97.14749908447266,95.83999633789062,96.32749938964844,94.20248413085938,92186800,98.35749816894531
2020-07-20,96.4175033569336,98.5,96.0625,98.35749816894531,96.18771362304688,90318000,97.0
2020-07-21,99.17250061035156,99.25,96.74250030517578,97.0,94.86014556884766,103433200,97.27249908447266
2020-07-22,96.69249725341797,97.9749984741211,96.60250091552734,97.27249908447266,95.12664031982422,89001600,92.84500122070312
2020-07-23,96.99749755859375,97.07749938964844,92.01000213623047,92.84500122070312,90.79680633544922,197004400,92.61499786376953
2020-07-24,90.98750305175781,92.97000122070312,89.1449966430664,92.61499786376953,90.57188415527344,185438800,94.80999755859375
2020-07-27,93.70999908447266,94.90499877929688,93.4800033569336,94.80999755859375,92.71847534179688,121214000,93.25250244140625
2020-07-28,94.36750030517578,94.55000305175781,93.24749755859375,93.25250244140625,91.19535064697266,103625600,95.04000091552734
2020-07-29,93.75,95.2300033569336,93.7125015258789,95.04000091552734,92.94340515136719,90329200,96.19000244140625
2020-07-30,94.1875,96.29750061035156,93.76750183105469,96.19000244140625,94.06803131103516,158130000,106.26000213623047
2020-07-31,102.88500213623047,106.41500091552734,100.82499694824219,106.26000213623047,103.91587829589844,374336800,108.9375
2020-08-03,108.19999694824219,111.63749694824219,107.89250183105469,108.9375,106.53431701660156,308151200,109.66500091552734
2020-08-04,109.13249969482422,110.79000091552734,108.38749694824219,109.66500091552734,107.2457504272461,173071600,110.0625
2020-08-05,109.37750244140625,110.39250183105469,108.89749908447266,110.0625,107.63450622558594,121776800,113.90249633789062
2020-08-06,110.40499877929688,114.4124984741211,109.79750061035156,113.90249633789062,111.38977813720703,202428800,111.11250305175781
2020-08-07,113.20500183105469,113.67500305175781,110.2925033569336,111.11250305175781,108.85726165771484,198045600,112.72750091552734
2020-08-10,112.5999984741211,113.7750015258789,110.0,112.72750091552734,110.43946075439453,212403600,109.375
2020-08-11,111.97000122070312,112.48249816894531,109.10749816894531,109.375,107.15502166748047,187902400,113.01000213623047
2020-08-12,110.49749755859375,113.2750015258789,110.29750061035156,113.01000213623047,110.71623992919922,165598000,115.01000213623047
2020-08-13,114.43000030517578,116.0425033569336,113.92749786376953,115.01000213623047,112.6756591796875,210082000,114.90750122070312
2020-08-14,114.83000183105469,115.0,113.04499816894531,114.90750122070312,112.57522583007812,165565200,114.60749816894531
2020-08-17,116.0625,116.0875015258789,113.9625015258789,114.60749816894531,112.28131103515625,119561600,115.5625
2020-08-18,114.35250091552734,116.0,114.00749969482422,115.5625,113.21692657470703,105633600,115.7074966430664
2020-08-19,115.98249816894531,117.1624984741211,115.61000061035156,115.7074966430664,113.35899353027344,145538000,118.2750015258789
2020-08-20,115.75,118.39250183105469,115.73249816894531,118.2750015258789,115.87438201904297,126907200,124.37000274658203
2020-08-21,119.26249694824219,124.86750030517578,119.25,124.37000274658203,121.84566497802734,338054800,125.85749816894531
2020-08-24,128.69749450683594,128.78500366210938,123.9375,125.85749816894531,123.30296325683594,345937600,124.82499694824219
2020-08-25,124.69750213623047,125.18000030517578,123.05249786376953,124.82499694824219,122.29142761230469,211495600,126.52249908447266
2020-08-26,126.18000030517578,126.99250030517578,125.0824966430664,126.52249908447266,123.9544677734375,163022400,125.01000213623047
2020-08-27,127.14250183105469,127.48500061035156,123.8324966430664,125.01000213623047,122.47267150878906,155552400,124.80750274658203
2020-08-28,126.01249694824219,126.44249725341797,124.57749938964844,124.80750274658203,122.27428436279297,187630000,129.0399932861328
2020-08-31,127.58000183105469,131.0,126.0,129.0399932861328,126.42088317871094,225702700,134.17999267578125
2020-09-01,132.75999450683594,134.8000030517578,130.52999877929688,134.17999267578125,131.45655822753906,151948100,131.39999389648438
2020-09-02,137.58999633789062,137.97999572753906,127.0,131.39999389648438,128.73300170898438,200119000,120.87999725341797
2020-09-03,126.91000366210938,128.83999633789062,120.5,120.87999725341797,118.42649841308594,257599600,120.95999908447266
2020-09-04,120.06999969482422,123.69999694824219,110.88999938964844,120.95999908447266,118.50487518310547,332607200,112.81999969482422
2020-09-08,113.94999694824219,118.98999786376953,112.68000030517578,112.81999969482422,110.53008270263672,231366600,117.31999969482422
2020-09-09,117.26000213623047,119.13999938964844,115.26000213623047,117.31999969482422,114.93876647949219,176940500,113.48999786376953
2020-09-10,120.36000061035156,120.5,112.5,113.48999786376953,111.1865005493164,182274400,112.0
2020-09-11,114.56999969482422,115.2300033569336,110.0,112.0,109.72673034667969,180860300,115.36000061035156
2020-09-14,114.72000122070312,115.93000030517578,112.80000305175781,115.36000061035156,113.01854705810547,140150100,115.54000091552734
2020-09-15,118.33000183105469,118.83000183105469,113.61000061035156,115.54000091552734,113.19487762451172,184642000,112.12999725341797
2020-09-16,115.2300033569336,116.0,112.04000091552734,112.12999725341797,109.8541030883789,154679000,110.33999633789062
2020-09-17,109.72000122070312,112.19999694824219,108.70999908447266,110.33999633789062,108.10042572021484,178011000,106.83999633789062
2020-09-18,110.4000015258789,110.87999725341797,106.08999633789062,106.83999633789062,104.67146301269531,287104900,110.08000183105469
2020-09-21,104.54000091552734,110.19000244140625,103.0999984741211,110.08000183105469,107.8457260131836,195713800,111.80999755859375
2020-09-22,112.68000030517578,112.86000061035156,109.16000366210938,111.80999755859375,109.54058074951172,183055400,107.12000274658203
2020-09-23,111.62000274658203,112.11000061035156,106.7699966430664,107.12000274658203,104.94578552246094,150718700,108.22000122070312
2020-09-24,105.16999816894531,110.25,105.0,108.22000122070312,106.02345275878906,167743300,112.27999877929688
2020-09-25,108.43000030517578,112.44000244140625,107.66999816894531,112.27999877929688,110.00105285644531,149981400,114.95999908447266
2020-09-28,115.01000213623047,115.31999969482422,112.77999877929688,114.95999908447266,112.62664794921875,137672400,114.08999633789062
2020-09-29,114.55000305175781,115.30999755859375,113.56999969482422,114.08999633789062,111.77430725097656,99382200,115.80999755859375
2020-09-30,113.79000091552734,117.26000213623047,113.62000274658203,115.80999755859375,113.45941162109375,142675200,116.79000091552734
2020-10-01,117.63999938964844,117.72000122070312,115.83000183105469,116.79000091552734,114.41950988769531,116120400,113.0199966430664
2020-10-02,112.88999938964844,115.37000274658203,112.22000122070312,113.0199966430664,110.72602844238281,144712000,116.5
2020-10-05,113.91000366210938,116.6500015258789,113.55000305175781,116.5,114.13539123535156,106243800,113.16000366210938
2020-10-06,115.69999694824219,116.12000274658203,112.25,113.16000366210938,110.86320495605469,161498200,115.08000183105469
2020-10-07,114.62000274658203,115.55000305175781,114.12999725341797,115.08000183105469,112.74422454833984,96849000,114.97000122070312
2020-10-08,116.25,116.4000015258789,114.58999633789062,114.97000122070312,112.6364517211914,83477200,116.97000122070312
2020-10-09,115.27999877929688,117.0,114.91999816894531,116.97000122070312,114.59585571289062,100506900,124.4000015258789
2020-10-12,120.05999755859375,125.18000030517578,119.27999877929688,124.4000015258789,121.87506103515625,240226800,121.0999984741211
2020-10-13,125.2699966430664,125.38999938964844,119.6500015258789,121.0999984741211,118.64203643798828,262330500,121.19000244140625
2020-10-14,121.0,123.02999877929688,119.62000274658203,121.19000244140625,118.7302017211914,150712000,120.70999908447266
2020-10-15,118.72000122070312,121.19999694824219,118.1500015258789,120.70999908447266,118.25994110107422,112559200,119.0199966430664
2020-10-16,121.27999877929688,121.55000305175781,118.80999755859375,119.0199966430664,116.60426330566406,115393800,115.9800033569336
2020-10-19,119.95999908447266,120.41999816894531,115.66000366210938,115.9800033569336,113.6259536743164,120639300,117.51000213623047
2020-10-20,116.19999694824219,118.9800033569336,115.62999725341797,117.51000213623047,115.12489318847656,124423700,116.87000274658203
2020-10-21,116.66999816894531,118.70999908447266,116.44999694824219,116.87000274658203,114.49789428710938,89946000,115.75
2020-10-22,117.44999694824219,118.04000091552734,114.58999633789062,115.75,113.40061950683594,101988000,115.04000091552734
2020-10-23,116.38999938964844,116.55000305175781,114.27999877929688,115.04000091552734,112.70503997802734,82572600,115.05000305175781
2020-10-26,114.01000213623047,116.55000305175781,112.87999725341797,115.05000305175781,112.71482849121094,111850700,116.5999984741211
2020-10-27,115.48999786376953,117.27999877929688,114.54000091552734,116.5999984741211,114.23335266113281,92276800,111.19999694824219
2020-10-28,115.05000305175781,115.43000030517578,111.0999984741211,111.19999694824219,108.94297790527344,143937800,115.31999969482422
2020-10-29,112.37000274658203,116.93000030517578,112.19999694824219,115.31999969482422,112.97935485839844,146129200,108.86000061035156
2020-10-30,111.05999755859375,111.98999786376953,107.72000122070312,108.86000061035156,106.65045928955078,190272600,108.7699966430664
2020-11-02,109.11000061035156,110.68000030517578,107.31999969482422,108.7699966430664,106.5622787475586,122866900,110.44000244140625
2020-11-03,109.66000366210938,111.48999786376953,108.7300033569336,110.44000244140625,108.19841003417969,107624400,114.94999694824219
2020-11-04,114.13999938964844,115.58999633789062,112.3499984741211,114.94999694824219,112.61685943603516,138235500,119.02999877929688
2020-11-05,117.94999694824219,119.62000274658203,116.87000274658203,119.02999877929688,116.61405944824219,126387100,118.69000244140625
2020-11-06,118.31999969482422,119.19999694824219,116.12999725341797,118.69000244140625,116.4815673828125,114457900,116.31999969482422
2020-11-09,120.5,121.98999786376953,116.05000305175781,116.31999969482422,114.15565490722656,154515300,115.97000122070312
2020-11-10,115.55000305175781,117.58999633789062,114.12999725341797,115.97000122070312,113.81217193603516,138023400,119.48999786376953
2020-11-11,117.19000244140625,119.62999725341797,116.44000244140625,119.48999786376953,117.26667785644531,112295000,119.20999908447266
2020-11-12,119.62000274658203,120.52999877929688,118.56999969482422,119.20999908447266,116.99188995361328,103162300,119.26000213623047
2020-11-13,119.44000244140625,119.66999816894531,117.87000274658203,119.26000213623047,117.04094696044922,81581900,120.30000305175781
2020-11-16,118.91999816894531,120.98999786376953,118.1500015258789,120.30000305175781,118.06160736083984,91183000,119.38999938964844
2020-11-17,119.55000305175781,120.66999816894531,118.95999908447266,119.38999938964844,117.16854095458984,74271000,118.02999877929688
2020-11-18,118.61000061035156,119.81999969482422,118.0,118.02999877929688,115.83384704589844,76322100,118.63999938964844
2020-11-19,117.58999633789062,119.05999755859375,116.80999755859375,118.63999938964844,116.43248748779297,74113000,117.33999633789062
2020-11-20,118.63999938964844,118.7699966430664,117.29000091552734,117.33999633789062,115.15667724609375,73604300,113.8499984741211
2020-11-23,117.18000030517578,117.62000274658203,113.75,113.8499984741211,111.73162078857422,127959300,115.16999816894531
2020-11-24,113.91000366210938,115.8499984741211,112.58999633789062,115.16999816894531,113.02705383300781,113874200,116.02999877929688
2020-11-25,115.55000305175781,116.75,115.16999816894531,116.02999877929688,113.87105560302734,76499200,116.58999633789062
2020-11-27,116.56999969482422,117.48999786376953,116.22000122070312,116.58999633789062,114.4206314086914,46691300,119.05000305175781
2020-11-30,116.97000122070312,120.97000122070312,116.80999755859375,119.05000305175781,116.8348617553711,169410200,122.72000122070312
2020-12-01,121.01000213623047,123.47000122070312,120.01000213623047,122.72000122070312,120.43659210205078,127728200,123.08000183105469
2020-12-02,122.0199966430664,123.37000274658203,120.88999938964844,123.08000183105469,120.78988647460938,89004200,122.94000244140625
2020-12-03,123.5199966430664,123.77999877929688,122.20999908447266,122.94000244140625,120.65248107910156,78967600,122.25
2020-12-04,122.5999984741211,122.86000061035156,121.5199966430664,122.25,119.97531127929688,78260400,123.75
2020-12-07,122.30999755859375,124.56999969482422,122.25,123.75,121.44741821289062,86712000,124.37999725341797
2020-12-08,124.37000274658203,124.9800033569336,123.08999633789062,124.37999725341797,122.06568908691406,82225500,121.77999877929688
2020-12-09,124.52999877929688,125.94999694824219,121.0,121.77999877929688,119.51407623291016,115089200,123.23999786376953
2020-12-10,120.5,123.87000274658203,120.1500015258789,123.23999786376953,120.94689178466797,81312200,122.41000366210938
2020-12-11,122.43000030517578,122.76000213623047,120.55000305175781,122.41000366210938,120.13235473632812,86939800,121.77999877929688
2020-12-14,122.5999984741211,123.3499984741211,121.54000091552734,121.77999877929688,119.51407623291016,79184500,127.87999725341797
2020-12-15,124.33999633789062,127.9000015258789,124.12999725341797,127.87999725341797,125.50057220458984,157243700,127.80999755859375
2020-12-16,127.41000366210938,128.3699951171875,126.55999755859375,127.80999755859375,125.43186950683594,98208600,128.6999969482422
2020-12-17,128.89999389648438,129.5800018310547,128.0399932861328,128.6999969482422,126.30531311035156,94359800,126.66000366210938
2020-12-18,128.9600067138672,129.10000610351562,126.12000274658203,126.66000366210938,124.30327606201172,192541500,128.22999572753906
2020-12-21,125.0199966430664,128.30999755859375,123.44999694824219,128.22999572753906,125.84407043457031,121251600,131.8800048828125
2020-12-22,131.61000061035156,134.41000366210938,129.64999389648438,131.8800048828125,129.42613220214844,168904800,130.9600067138672
2020-12-23,132.16000366210938,132.42999267578125,130.77999877929688,130.9600067138672,128.5232391357422,88223700,131.97000122070312
2020-12-24,131.32000732421875,133.4600067138672,131.10000610351562,131.97000122070312,129.5144805908203,54930100,136.69000244140625
2020-12-28,133.99000549316406,137.33999633789062,133.50999450683594,136.69000244140625,134.1466064453125,124486200,134.8699951171875
2020-12-29,138.0500030517578,138.7899932861328,134.33999633789062,134.8699951171875,132.3605194091797,121047300,133.72000122070312
2020-12-30,135.5800018310547,135.99000549316406,133.39999389648438,133.72000122070312,131.23191833496094,96452100,132.69000244140625
2020-12-31,134.0800018310547,134.74000549316406,131.72000122070312,132.69000244140625,130.22105407714844,99116600,129.41000366210938
2021-01-04,133.52000427246094,133.61000061035156,126.76000213623047,129.41000366210938,127.00211334228516,143301900,131.00999450683594
2021-01-05,128.88999938964844,131.74000549316406,128.42999267578125,131.00999450683594,128.57232666015625,97664900,126.5999984741211
2021-01-06,127.72000122070312,131.0500030517578,126.37999725341797,126.5999984741211,124.244384765625,155088000,130.9199981689453
2021-01-07,128.36000061035156,131.6300048828125,127.86000061035156,130.9199981689453,128.4840087890625,109578200,132.0500030517578
2021-01-08,132.42999267578125,132.6300048828125,130.22999572753906,132.0500030517578,129.59295654296875,105158200,128.97999572753906
2021-01-11,129.19000244140625,130.1699981689453,128.5,128.97999572753906,126.58012390136719,100384500,128.8000030517578
2021-01-12,128.5,129.69000244140625,126.86000061035156,128.8000030517578,126.40345001220703,91951100,130.88999938964844
2021-01-13,128.75999450683594,131.4499969482422,128.49000549316406,130.88999938964844,128.45455932617188,88636800,128.91000366210938
2021-01-14,130.8000030517578,131.0,128.75999450683594,128.91000366210938,126.51141357421875,90221800,127.13999938964844
2021-01-15,128.77999877929688,130.22000122070312,127.0,127.13999938964844,124.77433776855469,111598500,127.83000183105469
2021-01-19,127.77999877929688,128.7100067138672,126.94000244140625,127.83000183105469,125.45149993896484,90757300,132.02999877929688
2021-01-20,128.66000366210938,132.49000549316406,128.5500030517578,132.02999877929688,129.57333374023438,104319500,136.8699951171875
2021-01-21,133.8000030517578,139.6699981689453,133.58999633789062,136.8699951171875,134.3232879638672,120150900,139.07000732421875
2021-01-22,136.27999877929688,139.85000610351562,135.02000427246094,139.07000732421875,136.48236083984375,114459400,142.9199981689453
2021-01-25,143.07000732421875,145.08999633789062,136.5399932861328,142.9199981689453,140.2607421875,157611700,143.16000366210938
2021-01-26,143.60000610351562,144.3000030517578,141.3699951171875,143.16000366210938,140.49624633789062,98390600,142.05999755859375
2021-01-27,143.42999267578125,144.3000030517578,140.41000366210938,142.05999755859375,139.4167022705078,140843800,137.08999633789062
2021-01-28,139.52000427246094,141.99000549316406,136.6999969482422,137.08999633789062,134.5391845703125,142621100,131.9600067138672
2021-01-29,135.8300018310547,136.74000549316406,130.2100067138672,131.9600067138672,129.50466918945312,177523800,134.13999938964844
2021-02-01,133.75,135.3800048828125,130.92999267578125,134.13999938964844,131.6440887451172,106239800,134.99000549316406
2021-02-02,135.72999572753906,136.30999755859375,134.61000061035156,134.99000549316406,132.478271484375,83305400,133.94000244140625
2021-02-03,135.75999450683594,135.77000427246094,133.61000061035156,133.94000244140625,131.44781494140625,89880900,137.38999938964844
2021-02-04,136.3000030517578,137.39999389648438,134.58999633789062,137.38999938964844,134.83364868164062,84183100,136.75999450683594
2021-02-05,137.35000610351562,137.4199981689453,135.86000061035156,136.75999450683594,134.4158935546875,75693800,136.91000366210938
2021-02-08,136.02999877929688,136.9600067138672,134.9199981689453,136.91000366210938,134.56333923339844,71297200,136.00999450683594
2021-02-09,136.6199951171875,137.8800048828125,135.85000610351562,136.00999450683594,133.67872619628906,76774200,135.38999938964844
2021-02-10,136.47999572753906,136.99000549316406,134.39999389648438,135.38999938964844,133.06936645507812,73046600,135.1300048828125
2021-02-11,135.89999389648438,136.38999938964844,133.77000427246094,135.1300048828125,132.81387329101562,64280000,135.3699951171875
2021-02-12,134.35000610351562,135.52999877929688,133.69000244140625,135.3699951171875,133.04971313476562,60145100,133.19000244140625
2021-02-16,135.49000549316406,136.00999450683594,132.7899932861328,133.19000244140625,130.90708923339844,80576300,130.83999633789062
2021-02-17,131.25,132.22000122070312,129.47000122070312,130.83999633789062,128.59738159179688,97918500,129.7100067138672
2021-02-18,129.1999969482422,130.0,127.41000366210938,129.7100067138672,127.4867172241211,96856700,129.8699951171875
2021-02-19,130.24000549316406,130.7100067138672,128.8000030517578,129.8699951171875,127.64401245117188,87668800,126.0
2021-02-22,128.00999450683594,129.72000122070312,125.5999984741211,126.0,123.84032440185547,103916400,125.86000061035156
2021-02-23,123.76000213623047,126.70999908447266,118.38999938964844,125.86000061035156,123.7027359008789,158273000,125.3499984741211
2021-02-24,124.94000244140625,125.55999755859375,122.2300033569336,125.3499984741211,123.20146942138672,111039900,120.98999786376953
2021-02-25,124.68000030517578,126.45999908447266,120.54000091552734,120.98999786376953,118.91620635986328,148199500,121.26000213623047
2021-02-26,122.58999633789062,124.8499984741211,121.19999694824219,121.26000213623047,119.18157958984375,164560400,127.79000091552734
2021-03-01,123.75,127.93000030517578,122.79000091552734,127.79000091552734,125.59966278076172,116307900,125.12000274658203
2021-03-02,128.41000366210938,128.72000122070312,125.01000213623047,125.12000274658203,122.97541046142578,102260900,122.05999755859375
2021-03-03,124.80999755859375,125.70999908447266,121.83999633789062,122.05999755859375,119.96786499023438,112966300,120.12999725341797
2021-03-04,121.75,123.5999984741211,118.62000274658203,120.12999725341797,118.07093048095703,178155000,121.41999816894531
2021-03-05,120.9800033569336,121.94000244140625,117.56999969482422,121.41999816894531,119.33882141113281,153766600,116.36000061035156
2021-03-08,120.93000030517578,121.0,116.20999908447266,116.36000061035156,114.36555480957031,154376600,121.08999633789062
2021-03-09,119.02999877929688,122.05999755859375,118.79000091552734,121.08999633789062,119.01448822021484,129525800,119.9800033569336
2021-03-10,121.69000244140625,122.16999816894531,119.44999694824219,119.9800033569336,117.92351531982422,111943300,121.95999908447266
2021-03-11,122.54000091552734,123.20999908447266,121.26000213623047,121.95999908447266,119.86957550048828,103026500,121.02999877929688
2021-03-12,120.4000015258789,121.16999816894531,119.16000366210938,121.02999877929688,118.95550537109375,88105100,123.98999786376953
2021-03-15,121.41000366210938,124.0,120.41999816894531,123.98999786376953,121.86477661132812,92403800,125.56999969482422
2021-03-16,125.69999694824219,127.22000122070312,124.72000122070312,125.56999969482422,123.41769409179688,115227900,124.76000213623047
2021-03-17,124.05000305175781,125.86000061035156,122.33999633789062,124.76000213623047,122.62158966064453,111932600,120.52999877929688
2021-03-18,122.87999725341797,123.18000030517578,120.31999969482422,120.52999877929688,118.4640884399414,121229700,119.98999786376953
2021-03-19,119.9000015258789,121.43000030517578,119.68000030517578,119.98999786376953,117.93333435058594,185549500,123.38999938964844
2021-03-22,120.33000183105469,123.87000274658203,120.26000213623047,123.38999938964844,121.27506256103516,111912300,122.54000091552734
2021-03-23,123.33000183105469,124.23999786376953,122.13999938964844,122.54000091552734,120.43962860107422,95467100,120.08999633789062
2021-03-24,122.81999969482422,122.9000015258789,120.06999969482422,120.08999633789062,118.03163146972656,88530500,120.58999633789062
2021-03-25,119.54000091552734,121.66000366210938,119.0,120.58999633789062,118.5230712890625,98844700,121.20999908447266
2021-03-26,120.3499984741211,121.4800033569336,118.91999816894531,121.20999908447266,119.13243865966797,94071200,121.38999938964844
2021-03-29,121.6500015258789,122.58000183105469,120.7300033569336,121.38999938964844,119.30935668945312,80819200,119.9000015258789
2021-03-30,120.11000061035156,120.4000015258789,118.86000061035156,119.9000015258789,117.84488677978516,85671900,122.1500015258789
2021-03-31,121.6500015258789,123.5199966430664,121.1500015258789,122.1500015258789,120.05632019042969,118323800,123.0
2021-04-01,123.66000366210938,124.18000030517578,122.48999786376953,123.0,120.8917465209961,75089100,125.9000015258789
2021-04-05,123.87000274658203,126.16000366210938,123.06999969482422,125.9000015258789,123.7420425415039,88651200,126.20999908447266
2021-04-06,126.5,127.12999725341797,125.6500015258789,126.20999908447266,124.04673767089844,80171300,127.9000015258789
2021-04-07,125.83000183105469,127.91999816894531,125.13999938964844,127.9000015258789,125.70777893066406,83466700,130.36000061035156
2021-04-08,128.9499969482422,130.38999938964844,128.52000427246094,130.36000061035156,128.12557983398438,88844600,133.0
2021-04-09,129.8000030517578,133.0399932861328,129.47000122070312,133.0,130.7203369140625,106686700,131.24000549316406
2021-04-12,132.52000427246094,132.85000610351562,130.6300048828125,131.24000549316406,128.99050903320312,91420000,134.42999267578125
2021-04-13,132.44000244140625,134.66000366210938,131.92999267578125,134.42999267578125,132.12582397460938,91266500,132.02999877929688
2021-04-14,134.94000244140625,135.0,131.66000366210938,132.02999877929688,129.76698303222656,87222800,134.5
2021-04-15,133.82000732421875,135.0,133.63999938964844,134.5,132.19461059570312,89347100,134.16000366210938
2021-04-16,134.3000030517578,134.6699981689453,133.27999877929688,134.16000366210938,131.8604736328125,84922400,134.83999633789062
2021-04-19,133.50999450683594,135.47000122070312,133.33999633789062,134.83999633789062,132.52879333496094,94264200,133.11000061035156
2021-04-20,135.02000427246094,135.52999877929688,131.80999755859375,133.11000061035156,130.8284912109375,94812300,133.5
2021-04-21,132.36000061035156,133.75,131.3000030517578,133.5,131.21180725097656,68847100,131.94000244140625
2021-04-22,133.0399932861328,134.14999389648438,131.41000366210938,131.94000244140625,129.67852783203125,84566500,134.32000732421875
2021-04-23,132.16000366210938,135.1199951171875,132.16000366210938,134.32000732421875,132.0177459716797,78657500,134.72000122070312
2021-04-26,134.8300018310547,135.05999755859375,133.55999755859375,134.72000122070312,132.41085815429688,66905100,134.38999938964844
2021-04-27,135.00999450683594,135.41000366210938,134.11000061035156,134.38999938964844,132.0865020751953,66015800,133.5800018310547
2021-04-28,134.30999755859375,135.02000427246094,133.0800018310547,133.5800018310547,131.2904052734375,107760100,133.47999572753906
2021-04-29,136.47000122070312,137.07000732421875,132.4499969482422,133.47999572753906,131.19212341308594,151101000,131.4600067138672
2021-04-30,131.77999877929688,133.55999755859375,131.07000732421875,131.4600067138672,129.2067413330078,109839500,132.5399932861328
2021-05-03,132.0399932861328,134.07000732421875,131.8300018310547,132.5399932861328,130.2682342529297,75135100,127.8499984741211
2021-05-04,131.19000244140625,131.49000549316406,126.69999694824219,127.8499984741211,125.65861511230469,137564700,128.10000610351562
2021-05-05,129.1999969482422,130.4499969482422,127.97000122070312,128.10000610351562,125.90434265136719,84000900,129.74000549316406
2021-05-06,127.88999938964844,129.75,127.12999725341797,129.74000549316406,127.51625061035156,78128300,130.2100067138672
2021-05-07,130.85000610351562,131.25999450683594,129.47999572753906,130.2100067138672,128.19557189941406,78973300,126.8499984741211
2021-05-10,129.41000366210938,129.5399932861328,126.80999755859375,126.8499984741211,124.88754272460938,88071200,125.91000366210938
2021-05-11,123.5,126.2699966430664,122.7699966430664,125.91000366210938,123.96208953857422,126142800,122.7699966430664
2021-05-12,123.4000015258789,124.63999938964844,122.25,122.7699966430664,120.87063598632812,112172300,124.97000122070312
2021-05-13,124.58000183105469,126.1500015258789,124.26000213623047,124.97000122070312,123.03662872314453,105861300,127.44999694824219
2021-05-14,126.25,127.88999938964844,125.8499984741211,127.44999694824219,125.4782485961914,81918000,126.2699966430664
2021-05-17,126.81999969482422,126.93000030517578,125.16999816894531,126.2699966430664,124.3165054321289,74244600,124.8499984741211
2021-05-18,126.55999755859375,126.98999786376953,124.77999877929688,124.8499984741211,122.91847229003906,63342900,124.69000244140625
2021-05-19,123.16000366210938,124.91999816894531,122.86000061035156,124.69000244140625,122.76094055175781,92612000,127.30999755859375
2021-05-20,125.2300033569336,127.72000122070312,125.0999984741211,127.30999755859375,125.34041595458984,76857100,125.43000030517578
2021-05-21,127.81999969482422,128.0,125.20999908447266,125.43000030517578,123.48951721191406,79295400,127.0999984741211
2021-05-24,126.01000213623047,127.94000244140625,125.94000244140625,127.0999984741211,125.13365173339844,63092900,126.9000015258789
2021-05-25,127.81999969482422,128.32000732421875,126.31999969482422,126.9000015258789,124.93675994873047,72009500,126.8499984741211
2021-05-26,126.95999908447266,127.38999938964844,126.41999816894531,126.8499984741211,124.88754272460938,56575900,125.27999877929688
2021-05-27,126.44000244140625,127.63999938964844,125.08000183105469,125.27999877929688,123.34181213378906,94625600,124.61000061035156
2021-05-28,125.56999969482422,125.80000305175781,124.55000305175781,124.61000061035156,122.68218994140625,71311100,124.27999877929688
2021-06-01,125.08000183105469,125.3499984741211,123.94000244140625,124.27999877929688,122.35728454589844,67637100,125.05999755859375
2021-06-02,124.27999877929688,125.23999786376953,124.05000305175781,125.05999755859375,123.1252212524414,59278900,123.54000091552734
2021-06-03,124.68000030517578,124.8499984741211,123.12999725341797,123.54000091552734,121.62873840332031,76229200,125.88999938964844
2021-06-04,124.06999969482422,126.16000366210938,123.8499984741211,125.88999938964844,123.9423828125,75169300,125.9000015258789
2021-06-07,126.16999816894531,126.31999969482422,124.83000183105469,125.9000015258789,123.95222473144531,71057600,126.73999786376953
2021-06-08,126.5999984741211,128.4600067138672,126.20999908447266,126.73999786376953,124.77923583984375,74403800,127.12999725341797
2021-06-09,127.20999908447266,127.75,126.5199966430664,127.12999725341797,125.1632080078125,56877900,126.11000061035156
2021-06-10,127.0199966430664,128.19000244140625,125.94000244140625,126.11000061035156,124.15898895263672,71186400,127.3499984741211
2021-06-11,126.52999877929688,127.44000244140625,126.0999984741211,127.3499984741211,125.3797836303711,53522400,130.47999572753906
2021-06-14,127.81999969482422,130.5399932861328,127.06999969482422,130.47999572753906,128.4613494873047,96906500,129.63999938964844
2021-06-15,129.94000244140625,130.60000610351562,129.38999938964844,129.63999938964844,127.63435363769531,62746300,130.14999389648438
2021-06-16,130.3699951171875,130.88999938964844,128.4600067138672,130.14999389648438,128.136474609375,91815000,131.7899932861328
2021-06-17,129.8000030517578,132.5500030517578,129.64999389648438,131.7899932861328,129.75108337402344,96721700,130.4600067138672
2021-06-18,130.7100067138672,131.50999450683594,130.24000549316406,130.4600067138672,128.44168090820312,108953300,132.3000030517578
2021-06-21,130.3000030517578,132.41000366210938,129.2100067138672,132.3000030517578,130.25323486328125,79663300,133.97999572753906
2021-06-22,132.1300048828125,134.0800018310547,131.6199951171875,133.97999572753906,131.9072265625,74783600,133.6999969482422
2021-06-23,133.77000427246094,134.32000732421875,133.22999572753906,133.6999969482422,131.63156127929688,60214200,133.41000366210938
2021-06-24,134.4499969482422,134.63999938964844,132.92999267578125,133.41000366210938,131.3460235595703,68711000,133.11000061035156
2021-06-25,133.4600067138672,133.88999938964844,132.80999755859375,133.11000061035156,131.05072021484375,70783700,134.77999877929688
2021-06-28,133.41000366210938,135.25,133.35000610351562,134.77999877929688,132.69483947753906,62111300,136.3300018310547
2021-06-29,134.8000030517578,136.49000549316406,134.35000610351562,136.3300018310547,134.22085571289062,64556100,136.9600067138672
2021-06-30,136.1699981689453,137.41000366210938,135.8699951171875,136.9600067138672,134.8411102294922,63261400,137.27000427246094
2021-07-01,136.60000610351562,137.3300018310547,135.75999450683594,137.27000427246094,135.14634704589844,52485800,139.9600067138672
2021-07-02,137.89999389648438,140.0,137.75,139.9600067138672,137.79470825195312,78852600,142.02000427246094
2021-07-06,140.07000732421875,143.14999389648438,140.07000732421875,142.02000427246094,139.82284545898438,108181800,144.57000732421875
2021-07-07,143.5399932861328,144.88999938964844,142.66000366210938,144.57000732421875,142.3334197998047,104911600,143.24000549316406
2021-07-08,141.5800018310547,144.05999755859375,140.6699981689453,143.24000549316406,141.02395629882812,105575500,145.11000061035156
2021-07-09,142.75,145.64999389648438,142.64999389648438,145.11000061035156,142.864990234375,99890800,144.5
2021-07-12,146.2100067138672,146.32000732421875,144.0,144.5,142.2644805908203,76299700,145.63999938964844
2021-07-13,144.02999877929688,147.4600067138672,143.6300048828125,145.63999938964844,143.38685607910156,100827100,149.14999389648438
2021-07-14,148.10000610351562,149.57000732421875,147.67999267578125,149.14999389648438,146.84249877929688,127050800,148.47999572753906
2021-07-15,149.24000549316406,150.0,147.08999633789062,148.47999572753906,146.18287658691406,106820300,146.38999938964844
2021-07-16,148.4600067138672,149.75999450683594,145.8800048828125,146.38999938964844,144.125244140625,93251400,142.4499969482422
2021-07-19,143.75,144.07000732421875,141.6699981689453,142.4499969482422,140.24620056152344,121434600,146.14999389648438
2021-07-20,143.4600067138672,147.10000610351562,142.9600067138672,146.14999389648438,143.8889617919922,96350000,145.39999389648438
2021-07-21,145.52999877929688,146.1300048828125,144.6300048828125,145.39999389648438,143.15052795410156,74993500,146.8000030517578
2021-07-22,145.94000244140625,148.1999969482422,145.80999755859375,146.8000030517578,144.5288848876953,77338200,148.55999755859375
2021-07-23,147.5500030517578,148.72000122070312,146.9199981689453,148.55999755859375,146.26165771484375,71447400,148.99000549316406
2021-07-26,148.27000427246094,149.8300018310547,147.6999969482422,148.99000549316406,146.6850128173828,72434100,146.77000427246094
2021-07-27,149.1199951171875,149.2100067138672,145.5500030517578,146.77000427246094,144.49937438964844,104818600,144.97999572753906
2021-07-28,144.80999755859375,146.97000122070312,142.5399932861328,144.97999572753906,142.73704528808594,118931200,145.63999938964844
2021-07-29,144.69000244140625,146.5500030517578,144.5800018310547,145.63999938964844,143.38685607910156,56699500,145.86000061035156
2021-07-30,144.3800048828125,146.3300018310547,144.11000061035156,145.86000061035156,143.60342407226562,70440600,145.52000427246094
2021-08-02,146.36000061035156,146.9499969482422,145.25,145.52000427246094,143.26869201660156,62880000,147.36000061035156
2021-08-03,145.80999755859375,148.0399932861328,145.17999267578125,147.36000061035156,145.08023071289062,64786600,146.9499969482422
2021-08-04,147.27000427246094,147.7899932861328,146.27999877929688,146.9499969482422,144.67657470703125,56368300,147.05999755859375
2021-08-05,146.97999572753906,147.83999633789062,146.1699981689453,147.05999755859375,144.7848663330078,46397700,146.13999938964844
2021-08-06,146.35000610351562,147.11000061035156,145.6300048828125,146.13999938964844,144.0946807861328,54126800,146.08999633789062
2021-08-09,146.1999969482422,146.6999969482422,145.52000427246094,146.08999633789062,144.04537963867188,48908700,145.60000610351562
2021-08-10,146.44000244140625,147.7100067138672,145.3000030517578,145.60000610351562,143.56222534179688,69023100,145.86000061035156
2021-08-11,146.0500030517578,146.72000122070312,145.52999877929688,145.86000061035156,143.81857299804688,48493500,148.88999938964844
2021-08-12,146.19000244140625,149.0500030517578,145.83999633789062,148.88999938964844,146.80618286132812,72282600,149.10000610351562
2021-08-13,148.97000122070312,149.44000244140625,148.27000427246094,149.10000610351562,147.01324462890625,59375000,151.1199951171875
2021-08-16,148.5399932861328,151.19000244140625,146.47000122070312,151.1199951171875,149.0049591064453,103296000,150.19000244140625
2021-08-17,150.22999572753906,151.67999267578125,149.08999633789062,150.19000244140625,148.08798217773438,92229700,146.36000061035156
2021-08-18,149.8000030517578,150.72000122070312,146.14999389648438,146.36000061035156,144.3115997314453,86326000,146.6999969482422
2021-08-19,145.02999877929688,148.0,144.5,146.6999969482422,144.64678955078125,86960300,148.19000244140625
2021-08-20,147.44000244140625,148.5,146.77999877929688,148.19000244140625,146.11598205566406,60549600,149.7100067138672
2021-08-23,148.30999755859375,150.19000244140625,147.88999938964844,149.7100067138672,147.6147003173828,60131800,149.6199951171875
2021-08-24,149.4499969482422,150.86000061035156,149.14999389648438,149.6199951171875,147.5259552001953,48606400,148.36000061035156
2021-08-25,149.80999755859375,150.32000732421875,147.8000030517578,148.36000061035156,146.28358459472656,58991300,147.5399932861328
2021-08-26,148.35000610351562,149.1199951171875,147.50999450683594,147.5399932861328,145.47508239746094,48597200,148.60000610351562
2021-08-27,147.47999572753906,148.75,146.8300018310547,148.60000610351562,146.520263671875,55802400,153.1199951171875
2021-08-30,149.0,153.49000549316406,148.61000061035156,153.1199951171875,150.97695922851562,90956700,151.8300018310547
2021-08-31,152.66000366210938,152.8000030517578,151.2899932861328,151.8300018310547,149.70504760742188,86453100,152.50999450683594
2021-09-01,152.8300018310547,154.97999572753906,152.33999633789062,152.50999450683594,150.37550354003906,80313700,153.64999389648438
2021-09-02,153.8699951171875,154.72000122070312,152.39999389648438,153.64999389648438,151.4995574951172,71115500,154.3000030517578
2021-09-03,153.75999450683594,154.6300048828125,153.08999633789062,154.3000030517578,152.14047241210938,57808700,156.69000244140625
2021-09-07,154.97000122070312,157.25999450683594,154.38999938964844,156.69000244140625,154.49703979492188,82278300,155.11000061035156
2021-09-08,156.97999572753906,157.0399932861328,153.97999572753906,155.11000061035156,152.93911743164062,74420200,154.07000732421875
2021-09-09,155.49000549316406,156.11000061035156,153.9499969482422,154.07000732421875,151.91371154785156,57305700,148.97000122070312
2021-09-10,155.0,155.47999572753906,148.6999969482422,148.97000122070312,146.88507080078125,140893200,149.5500030517578
2021-09-13,150.6300048828125,151.4199981689453,148.75,149.5500030517578,147.45692443847656,102404300,148.1199951171875
2021-09-14,150.35000610351562,151.07000732421875,146.91000366210938,148.1199951171875,146.0469512939453,109296300,149.02999877929688
2021-09-15,148.55999755859375,149.44000244140625,146.3699951171875,149.02999877929688,146.94424438476562,83281300,148.7899932861328
2021-09-16,148.44000244140625,148.97000122070312,147.22000122070312,148.7899932861328,146.70758056640625,68034100,146.05999755859375
2021-09-17,148.82000732421875,148.82000732421875,145.75999450683594,146.05999755859375,144.01576232910156,129868800,142.94000244140625
2021-09-20,143.8000030517578,144.83999633789062,141.27000427246094,142.94000244140625,140.93946838378906,123478900,143.42999267578125
2021-09-21,143.92999267578125,144.60000610351562,142.77999877929688,143.42999267578125,141.42259216308594,75834000,145.85000610351562
2021-09-22,144.4499969482422,146.42999267578125,143.6999969482422,145.85000610351562,143.80870056152344,76404300,146.8300018310547
2021-09-23,146.64999389648438,147.0800018310547,145.63999938964844,146.8300018310547,144.7750244140625,64838200,146.9199981689453
2021-09-24,145.66000366210938,147.47000122070312,145.55999755859375,146.9199981689453,144.86375427246094,53477900,145.3699951171875
2021-09-27,145.47000122070312,145.9600067138672,143.82000732421875,145.3699951171875,143.33543395996094,74150700,141.91000366210938
2021-09-28,143.25,144.75,141.69000244140625,141.91000366210938,139.9238739013672,108972300,142.8300018310547
2021-09-29,142.47000122070312,144.4499969482422,142.02999877929688,142.8300018310547,140.8309783935547,74602000,141.5
2021-09-30,143.66000366210938,144.3800048828125,141.27999877929688,141.5,139.5196075439453,89056700,142.64999389648438
2021-10-01,141.89999389648438,142.9199981689453,139.11000061035156,142.64999389648438,140.65353393554688,94639600,139.13999938964844
2021-10-04,141.75999450683594,142.2100067138672,138.27000427246094,139.13999938964844,137.19261169433594,98322000,141.11000061035156
2021-10-05,139.49000549316406,142.24000549316406,139.36000061035156,141.11000061035156,139.1350860595703,80861100,142.0
2021-10-06,139.47000122070312,142.14999389648438,138.3699951171875,142.0,140.01258850097656,83221100,143.2899932861328
2021-10-07,143.05999755859375,144.22000122070312,142.72000122070312,143.2899932861328,141.28456115722656,61732700,142.89999389648438
2021-10-08,144.02999877929688,144.17999267578125,142.55999755859375,142.89999389648438,140.89999389648438,58773200,142.80999755859375
2021-10-11,142.27000427246094,144.80999755859375,141.80999755859375,142.80999755859375,140.81126403808594,64452200,141.50999450683594
2021-10-12,143.22999572753906,143.25,141.0399932861328,141.50999450683594,139.5294647216797,73035900,140.91000366210938
2021-10-13,141.24000549316406,141.39999389648438,139.1999969482422,140.91000366210938,138.9378662109375,78762700,143.75999450683594
2021-10-14,142.11000061035156,143.8800048828125,141.50999450683594,143.75999450683594,141.74795532226562,69907100,144.83999633789062
2021-10-15,143.77000427246094,144.89999389648438,143.50999450683594,144.83999633789062,142.8128662109375,67940300,146.5500030517578
2021-10-18,143.4499969482422,146.83999633789062,143.16000366210938,146.5500030517578,144.4989471435547,85589200,148.75999450683594
2021-10-19,147.00999450683594,149.1699981689453,146.5500030517578,148.75999450683594,146.67799377441406,76378900,149.25999450683594
2021-10-20,148.6999969482422,149.75,148.1199951171875,149.25999450683594,147.17100524902344,58418800,149.47999572753906
2021-10-21,148.80999755859375,149.63999938964844,147.8699951171875,149.47999572753906,147.38792419433594,61421000,148.69000244140625
2021-10-22,149.69000244140625,150.17999267578125,148.63999938964844,148.69000244140625,146.60899353027344,58883400,148.63999938964844
2021-10-25,148.67999267578125,149.3699951171875,147.6199951171875,148.63999938964844,146.55966186523438,50720600,149.32000732421875
2021-10-26,149.3300018310547,150.83999633789062,149.00999450683594,149.32000732421875,147.23016357421875,60893400,148.85000610351562
2021-10-27,149.36000061035156,149.72999572753906,148.49000549316406,148.85000610351562,146.76675415039062,56094900,152.57000732421875
2021-10-28,149.82000732421875,153.1699981689453,149.72000122070312,152.57000732421875,150.43467712402344,100077900,149.8000030517578
2021-10-29,147.22000122070312,149.94000244140625,146.41000366210938,149.8000030517578,147.70343017578125,124953200,148.9600067138672
2021-11-01,148.99000549316406,149.6999969482422,147.8000030517578,148.9600067138672,146.87521362304688,74588300,150.02000427246094
2021-11-02,148.66000366210938,151.57000732421875,148.64999389648438,150.02000427246094,147.92037963867188,69122000,151.49000549316406
2021-11-03,150.38999938964844,151.97000122070312,149.82000732421875,151.49000549316406,149.3697967529297,54511500,150.9600067138672
2021-11-04,151.5800018310547,152.42999267578125,150.63999938964844,150.9600067138672,148.84722900390625,60394600,151.27999877929688
2021-11-05,151.88999938964844,152.1999969482422,150.05999755859375,151.27999877929688,149.3804168701172,65463900,150.44000244140625
2021-11-08,151.41000366210938,151.57000732421875,150.16000366210938,150.44000244140625,148.5509796142578,55020900,150.80999755859375
2021-11-09,150.1999969482422,151.42999267578125,150.05999755859375,150.80999755859375,148.91632080078125,56787900,147.9199981689453
2021-11-10,150.02000427246094,150.1300048828125,147.85000610351562,147.9199981689453,146.06259155273438,65187100,147.8699951171875
2021-11-11,148.9600067138672,149.42999267578125,147.67999267578125,147.8699951171875,146.01324462890625,41000000,149.99000549316406
2021-11-12,148.42999267578125,150.39999389648438,147.47999572753906,149.99000549316406,148.1066436767578,63804000,150.0
2021-11-15,150.3699951171875,151.8800048828125,149.42999267578125,150.0,148.11651611328125,59222800,151.0
2021-11-16,149.94000244140625,151.49000549316406,149.33999633789062,151.0,149.1039276123047,59256200,153.49000549316406
2021-11-17,151.0,155.0,150.99000549316406,153.49000549316406,151.56268310546875,88807000,157.8699951171875
2021-11-18,153.7100067138672,158.6699981689453,153.0500030517578,157.8699951171875,155.88766479492188,137827700,160.5500030517578
2021-11-19,157.64999389648438,161.02000427246094,156.52999877929688,160.5500030517578,158.53404235839844,117305600,161.02000427246094
2021-11-22,161.67999267578125,165.6999969482422,161.0,161.02000427246094,158.99815368652344,117467900,161.41000366210938
2021-11-23,161.1199951171875,161.8000030517578,159.05999755859375,161.41000366210938,159.38320922851562,96041900,161.94000244140625
2021-11-24,160.75,162.13999938964844,159.63999938964844,161.94000244140625,159.9065704345703,69463600,156.80999755859375
2021-11-26,159.57000732421875,160.4499969482422,156.36000061035156,156.80999755859375,154.84097290039062,76959800,160.24000549316406
2021-11-29,159.3699951171875,161.19000244140625,158.7899932861328,160.24000549316406,158.2279052734375,88748200,165.3000030517578
2021-11-30,159.99000549316406,165.52000427246094,159.9199981689453,165.3000030517578,163.224365234375,174048100,164.77000427246094
2021-12-01,167.47999572753906,170.3000030517578,164.52999877929688,164.77000427246094,162.70106506347656,152052500,163.75999450683594
2021-12-02,158.74000549316406,164.1999969482422,157.8000030517578,163.75999450683594,161.70370483398438,136739200,161.83999633789062
2021-12-03,164.02000427246094,164.9600067138672,159.72000122070312,161.83999633789062,159.80783081054688,118023100,165.32000732421875
2021-12-06,164.2899932861328,167.8800048828125,164.27999877929688,165.32000732421875,163.24415588378906,107497000,171.17999267578125
2021-12-07,169.0800018310547,171.5800018310547,168.33999633789062,171.17999267578125,169.03053283691406,120405400,175.0800018310547
2021-12-08,172.1300048828125,175.9600067138672,170.6999969482422,175.0800018310547,172.88157653808594,116998900,174.55999755859375
2021-12-09,174.91000366210938,176.75,173.9199981689453,174.55999755859375,172.3680877685547,108923700,179.4499969482422
2021-12-10,175.2100067138672,179.6300048828125,174.69000244140625,179.4499969482422,177.19671630859375,115402700,175.74000549316406
2021-12-13,181.1199951171875,182.1300048828125,175.52999877929688,175.74000549316406,173.5333251953125,153237000,174.3300018310547
2021-12-14,175.25,177.74000549316406,172.2100067138672,174.3300018310547,172.14100646972656,139380400,179.3000030517578
2021-12-15,175.11000061035156,179.5,172.30999755859375,179.3000030517578,177.04859924316406,131063300,172.25999450683594
2021-12-16,179.27999877929688,181.13999938964844,170.75,172.25999450683594,170.0969696044922,150185800,171.13999938964844
2021-12-17,169.92999267578125,173.47000122070312,169.69000244140625,171.13999938964844,168.99105834960938,195432700,169.75
2021-12-20,168.27999877929688,170.5800018310547,167.4600067138672,169.75,167.6184844970703,107499100,172.99000549316406
2021-12-21,171.55999755859375,173.1999969482422,169.1199951171875,172.99000549316406,170.8178253173828,91185900,175.63999938964844
2021-12-22,173.0399932861328,175.86000061035156,172.14999389648438,175.63999938964844,173.43455505371094,92135300,176.27999877929688
2021-12-23,175.85000610351562,176.85000610351562,175.27000427246094,176.27999877929688,174.06651306152344,68356600,180.3300018310547
2021-12-27,177.08999633789062,180.4199981689453,177.07000732421875,180.3300018310547,178.06565856933594,74919600,179.2899932861328
2021-12-28,180.16000366210938,181.3300018310547,178.52999877929688,179.2899932861328,177.0386962890625,79144300,179.3800048828125
2021-12-29,179.3300018310547,180.6300048828125,178.13999938964844,179.3800048828125,177.12759399414062,62348900,178.1999969482422
2021-12-30,179.47000122070312,180.57000732421875,178.08999633789062,178.1999969482422,175.96238708496094,59773000,177.57000732421875
